file,old_hash,new_hash
./vendor/lapack-sys/lapack/TESTING/LIN/dchkorhr_col.f,96f14d154e86cb15a596e2bdacfb172407a7dd77a801bca82134337d5ca1f52f,27e91f47cc60f1244fe8d1b57d5cd6ffa5520142073ed9c19d997feeb95ddbe1
./vendor/lapack-sys/lapack/TESTING/LIN/cchkunhr_col.f,11389c82a342f8d8a3973e3c62537dda4117ed0b0bf0318a658e59782f144e7a,9a97cadc002fa913757708d350a2ce8a4e62450bd643711a172028098954da65
./vendor/lapack-sys/lapack/TESTING/LIN/zchkunhr_col.f,3537c6694657ce73b32d1049a415baf5b88a1255d223e88307b620157a6a0855,aaa6d2b5e767ba6ef7a23af88df96d0e0ce08a5c8b01a34c7d189d2628e8afa9
./vendor/lapack-sys/lapack/TESTING/LIN/schkorhr_col.f,b5d888c1ec633c591dee6d4a0693cdef6bcefb94c1c2486bd5cebbbc510decb9,e134b5e14d66a3e09b3b868239ab9e2769b9652a8cf1be8ec59b4036c981faf4
./vendor/lapack-sys/lapack/LAPACKE/src/lapacke_sgetsqrhrt_work.c,ee9a531f5dc8974f95b7068a1520a388a2deabe22cebdf9ef73b8d17b7fca6ef,ce86bf0badf8d30afb917a92b9a9267d4020944d63e43e8fd72702b90d50149a
./vendor/lapack-sys/lapack/LAPACKE/src/lapacke_cungtsqr_row.c,abeacf6d3efc8b0248701eac1ada883f263418e2a7f2e622cadad2631ff7a104,6a571de54005c9410d6c948c78f03c3f0fb5721e1d75bf32cdfec82733b20d40
./vendor/lapack-sys/lapack/LAPACKE/src/lapacke_zungtsqr_row.c,9b16d7967bbacd334ab318d2933e43d98b9fe42cf0747ba9a05e43b2817253bb,3b8e8ff63bbdae2febb70313b25939baae6b44f51151aba16aaee10ea7828440
./vendor/lapack-sys/lapack/LAPACKE/src/lapacke_zgetsqrhrt_work.c,0a8492dc4ebdefd5facb8ba5e62b0821a40e63d1d81dac615d1092720fe66a40,f59a0aa6d606b9b4a04eaeab0441b9b477c9b44a85a4b5390106440fdb68ad12
./vendor/lapack-sys/lapack/LAPACKE/src/lapacke_sorgtsqr_row_work.c,aac89b1cc0558cca7fad8205d66a77a99f7c4720f8e39bf00fada2f0eff235df,0bfd6e7657769876cd2d9a75c4f0ce8fbf0cfd73c8862b92e58573a6f1cb41a7
./vendor/lapack-sys/lapack/LAPACKE/src/lapacke_dorgtsqr_row.c,2221b6ce841100a47d669e4a34c1ba5d39b12ed609f9e1cd3663a97f51b44f0e,d1b1fec0d93c2b467cfb024fb5cfc20e1b1e79bd9a72adf2b1b609db118ca06d
./vendor/lapack-sys/lapack/LAPACKE/src/lapacke_sgetsqrhrt.c,6d5d19573011e4be1895a8c0b864673870a94ab0826cce93a753a093a57e13c4,1113480b721bc203bfe5a84683207a47d78e600151391359655511bd2f3f750b
./vendor/lapack-sys/lapack/LAPACKE/src/lapacke_cgetsqrhrt.c,44b37372b8aab86af0a88e289a7299287578d7d2b8a27e345d588c9650464c5d,9fa590cdb43d1d06588926dc926e5c620050fb872402c1726f42874acb14ee03
./vendor/lapack-sys/lapack/LAPACKE/src/lapacke_dorgtsqr_row_work.c,4f076090e860c54698ffbe32904982b35b60eb7e3231cceef4b630e4903a7e56,130588bac74b389a485c51763d24c811c5b5f8544a7d889b2c03bcef13e6669e
./vendor/lapack-sys/lapack/LAPACKE/src/lapacke_zungtsqr_row_work.c,6fefe51382b0829fa741d8e278c2cd66fecc5e6ea0a966b0d6f39b01c923f57c,25f354ff333005fff6ddad25a935b29a576f66a208b967c060a35142565adf3b
./vendor/lapack-sys/lapack/LAPACKE/src/lapacke_dgetsqrhrt_work.c,61d90421e7f6cd04d9c57d416f98c0283802078633afc28e929d6e858cde432f,dacabbdba73ffb683b53bfd4bacc6209cdd1d28c85d6d530e8062fdee594b340
./vendor/lapack-sys/lapack/LAPACKE/src/lapacke_sorgtsqr_row.c,f5835b870bb068988f7f34ae5c3b746b5bcccc2c1dfea6ea61d2878304130774,e51ca0f43aef7f9677988ff12330b007324697245d929031cc620d4c84c1542d
./vendor/lapack-sys/lapack/LAPACKE/src/lapacke_cungtsqr_row_work.c,70567218d275a300069302017c2e7d7d8c5f4d63a167a3dce6e23d4bffd47f97,bc9b8137004de02955ada634e559a015b0bc4e792012d5a051e0340dc7732d96
./vendor/lapack-sys/lapack/LAPACKE/src/lapacke_zgetsqrhrt.c,2ef7f49c59192a86a431b6b5984ddc02ab1666c4bce2560f18296f96df49c0db,683bc21ddf2173d1bf002c1b404ffa31466b73b9042f84645c55bf03b156b6ef
./vendor/lapack-sys/lapack/LAPACKE/src/lapacke_cgetsqrhrt_work.c,c123e7ef13f313ec6594980bad6d4d608233d5ccca1a3b0a01eb46b962814447,6230fc856be5c79326856acf4456c45757164907c1dbf3bb87f40d38cba06b74
./vendor/lapack-sys/lapack/LAPACKE/src/lapacke_dgetsqrhrt.c,96dad6f50395150677efbc488dbfe19eede950c6bd7460a631f5a1c26937c59d,b97b185dd39ef7bc700fa3a68351247df4ae5f002ee456068e0dd8aea8d6fb12
./vendor/lapack-sys/lapack/SRC/cgetsqrhrt.f,76c6d23b9bfbc6999fc9b5e33c8fc722ec27f4124cbea4ed0eaf39a0d453002e,6a5e144a2aa5aa804f924dc5f7bbb69cbfdc48d74e6372dc60fdbcf2bb4c3728
./vendor/lapack-sys/lapack/SRC/zgetsqrhrt.f,4028a118ed0151643b2f70ad1742ed0fd6167432477d7d2de05e56ca061c2162,27baa51ae4df488fc379f97e5eecfb96fa5c132893a1c4a73c3b801efc6d5c9e
./vendor/lapack-sys/lapack/SRC/dgetsqrhrt.f,1199ad1ea8b8deca855837cbc0018633f9bd2adc136964260dcaf82681ec9cdb,434edb4ffa9bc4294a8f422ef3ff33eddd0d55b4807240e18a25c2f4975a212e
./vendor/lapack-sys/lapack/SRC/sgetsqrhrt.f,33531e7b107d64977535fcc8aee286f22deb2fa916c8e81122091edb450b3458,54f729fbf9e431d76b8c5fe04683ba7a51aeebe38eac7df9cbd75497780374a3
./vendor/lapack-sys/lapack/SRC/slaorhr_col_getrfnp.f,9147435cc64e865ddd2c3d8dec5b3c6380b81db8273bf2ef8216cfc1cdcdb08b,f78504b21681078a4c52693bbf0e6050b570731d861c27f710186a56bd7e7a98
